{
  "training_date": "2025-08-25T23:52:35.671087",
  "training_samples": 1000,
  "model_metrics": {
    "win_accuracy": 0.705,
    "return_r2": -0.05518454329055711,
    "confidence_r2": 0.3707550891620599
  },
  "sklearn_version": "1.3.0"
}